{
  "nodes" : [ {
    "css" : {
      "backgroundColor" : "rgb(255,196,183)"
    },
    "data" : {
      "tooltipText" : "CDK1, 0.3363649305555556",
      "sites" : [ ],
      "id" : "CDK1",
      "text" : "CDK1"
    }
  }, {
    "data" : {
      "sites" : [ {
        "siteBackgroundColor" : "rgb(255,108,74)",
        "siteText" : "p",
        "siteInfo" : "SRRM2-S864sT866t, 0.8412375362318841",
        "siteBorderColor" : "0 0 0"
      }, {
        "siteBackgroundColor" : "rgb(255,132,104)",
        "siteText" : "p",
        "siteInfo" : "SRRM2-T866t, 0.7005087142857144",
        "siteBorderColor" : "0 0 0"
      }, {
        "siteBackgroundColor" : "rgb(255,134,106)",
        "siteText" : "p",
        "siteInfo" : "SRRM2-T856tT866t, 0.6909176422764227",
        "siteBorderColor" : "0 0 0"
      }, {
        "siteBackgroundColor" : "rgb(255,85,47)",
        "siteText" : "p",
        "siteInfo" : "SRRM2-S1329s, 0.9686505747126437",
        "siteBorderColor" : "0 0 0"
      } ],
      "id" : "SRRM2",
      "text" : "SRRM2"
    }
  }, {
    "css" : {
      "backgroundColor" : "rgb(255,149,125)"
    },
    "data" : {
      "tooltipText" : "CDK7, 0.6064539021276595",
      "sites" : [ ],
      "id" : "CDK7",
      "text" : "CDK7"
    }
  }, {
    "data" : {
      "sites" : [ {
        "siteBackgroundColor" : "rgb(255,163,142)",
        "siteText" : "p",
        "siteInfo" : "CDK12-T893t, 0.5263402142857143",
        "siteBorderColor" : "0 0 0"
      } ],
      "id" : "CDK12",
      "text" : "CDK12"
    }
  }, {
    "css" : {
      "backgroundColor" : "rgb(218,225,255)"
    },
    "data" : {
      "tooltipText" : "MAPK1, -0.17295658055555552",
      "sites" : [ ],
      "id" : "MAPK1",
      "text" : "MAPK1"
    }
  }, {
    "data" : {
      "sites" : [ {
        "siteBackgroundColor" : "rgb(50,88,255)",
        "siteText" : "p",
        "siteInfo" : "STIM1-S621s, -0.9553426282051283",
        "siteBorderColor" : "0 0 0"
      }, {
        "siteBackgroundColor" : "rgb(40,80,255)",
        "siteText" : "p",
        "siteInfo" : "STIM1-S608s, -2.0126136363636364",
        "siteBorderColor" : "0 0 0"
      } ],
      "id" : "STIM1",
      "text" : "STIM1"
    }
  }, {
    "css" : {
      "backgroundColor" : "rgb(255,205,194)"
    },
    "data" : {
      "tooltipText" : "CDK2, 0.28563034583333335",
      "sites" : [ ],
      "id" : "CDK2",
      "text" : "CDK2"
    }
  }, {
    "data" : {
      "sites" : [ {
        "siteBackgroundColor" : "rgb(255,80,40)",
        "siteText" : "p",
        "siteInfo" : "PTPN2-S304s, 1.072707642857143",
        "siteBorderColor" : "0 0 0"
      } ],
      "id" : "PTPN2",
      "text" : "PTPN2"
    }
  }, {
    "css" : {
      "backgroundColor" : "rgb(255,176,158)"
    },
    "data" : {
      "tooltipText" : "POU2F1, 0.45175889902676397",
      "sites" : [ ],
      "id" : "POU2F1",
      "text" : "POU2F1"
    }
  }, {
    "css" : {
      "backgroundColor" : "rgb(255,211,201)"
    },
    "data" : {
      "tooltipText" : "DYRK1A, 0.2525181268085107",
      "sites" : [ ],
      "id" : "DYRK1A",
      "text" : "DYRK1A"
    }
  }, {
    "css" : {
      "backgroundColor" : "rgb(181,195,255)"
    },
    "data" : {
      "tooltipText" : "PRKCA, -0.3426073777777778",
      "sites" : [ ],
      "id" : "PRKCA",
      "text" : "PRKCA"
    }
  }, {
    "data" : {
      "sites" : [ {
        "siteBackgroundColor" : "rgb(40,80,255)",
        "siteText" : "p",
        "siteInfo" : "ANXA2-S12s, -1.0203899749373433",
        "siteBorderColor" : "0 0 0"
      }, {
        "siteBackgroundColor" : "rgb(40,80,255)",
        "siteText" : "p",
        "siteInfo" : "ANXA2-S26s, -1.2322057142857146",
        "siteBorderColor" : "0 0 0"
      } ],
      "id" : "ANXA2",
      "text" : "ANXA2"
    }
  }, {
    "data" : {
      "sites" : [ {
        "siteBackgroundColor" : "rgb(255,167,147)",
        "siteText" : "p",
        "siteInfo" : "RANBP2-S2280s, 0.5016999999999999",
        "siteBorderColor" : "0 0 0"
      } ],
      "id" : "RANBP2",
      "text" : "RANBP2"
    }
  }, {
    "css" : {
      "backgroundColor" : "rgb(255,212,202)"
    },
    "data" : {
      "tooltipText" : "NRF1, 0.247630634057971",
      "sites" : [ ],
      "id" : "NRF1",
      "text" : "NRF1"
    }
  }, {
    "css" : {
      "backgroundColor" : "rgb(255,210,199)"
    },
    "data" : {
      "tooltipText" : "AURKA, 0.25980303030303026",
      "sites" : [ ],
      "id" : "AURKA",
      "text" : "AURKA"
    }
  }, {
    "data" : {
      "sites" : [ {
        "siteBackgroundColor" : "rgb(255,104,69)",
        "siteText" : "p",
        "siteInfo" : "C6orf106-S215s, 0.8654837142857142",
        "siteBorderColor" : "0 0 0"
      } ],
      "id" : "C6orf106",
      "text" : "C6orf106"
    }
  }, {
    "css" : {
      "backgroundColor" : "rgb(200,210,255)"
    },
    "data" : {
      "tooltipText" : "LYN, -0.2544478020833333",
      "sites" : [ ],
      "id" : "LYN",
      "text" : "LYN"
    }
  }, {
    "data" : {
      "sites" : [ {
        "siteBackgroundColor" : "rgb(40,80,255)",
        "siteText" : "p",
        "siteInfo" : "FCER1G-Y65y, -2.8706226190476194",
        "siteBorderColor" : "0 0 0"
      }, {
        "siteBackgroundColor" : "rgb(52,90,255)",
        "siteText" : "p",
        "siteInfo" : "FCER1G-Y76y, -0.9439897435897436",
        "siteBorderColor" : "0 0 0"
      } ],
      "id" : "FCER1G",
      "text" : "FCER1G"
    }
  }, {
    "data" : {
      "sites" : [ {
        "siteBackgroundColor" : "rgb(255,146,120)",
        "siteText" : "p",
        "siteInfo" : "KAT5-S90s, 0.6256904868421053",
        "siteBorderColor" : "rgb(0,180,20)"
      } ],
      "id" : "KAT5",
      "text" : "KAT5"
    }
  }, {
    "css" : {
      "backgroundColor" : "rgb(255,205,193)"
    },
    "data" : {
      "tooltipText" : "PTMA, 0.2876133358333333",
      "sites" : [ ],
      "id" : "PTMA",
      "text" : "PTMA"
    }
  }, {
    "css" : {
      "backgroundColor" : "rgb(212,220,255)"
    },
    "data" : {
      "tooltipText" : "MAPK3, -0.19963482777777775",
      "sites" : [ {
        "siteBackgroundColor" : "rgb(255,80,40)",
        "siteText" : "p",
        "siteInfo" : "MAPK3-T202tY204y, 1.0104555555555557",
        "siteBorderColor" : "rgb(0,180,20)"
      } ],
      "id" : "MAPK3",
      "text" : "MAPK3"
    }
  }, {
    "data" : {
      "sites" : [ {
        "siteBackgroundColor" : "rgb(40,80,255)",
        "siteText" : "p",
        "siteInfo" : "CTTN-T401tS405s, -1.253862745098039",
        "siteBorderColor" : "0 0 0"
      } ],
      "id" : "CTTN",
      "text" : "CTTN"
    }
  }, {
    "css" : {
      "backgroundColor" : "rgb(255,200,188)"
    },
    "data" : {
      "tooltipText" : "TFDP2, 0.3115938410017473",
      "sites" : [ ],
      "id" : "TFDP2",
      "text" : "TFDP2"
    }
  }, {
    "css" : {
      "backgroundColor" : "rgb(219,226,255)"
    },
    "data" : {
      "tooltipText" : "AKT1, -0.16788856944444444",
      "sites" : [ ],
      "id" : "AKT1",
      "text" : "AKT1"
    }
  }, {
    "data" : {
      "sites" : [ {
        "siteBackgroundColor" : "rgb(160,178,255)",
        "siteText" : "p",
        "siteInfo" : "SLC9A1-S703s, -0.44270243902439027",
        "siteBorderColor" : "rgb(0,180,20)"
      } ],
      "id" : "SLC9A1",
      "text" : "SLC9A1"
    }
  }, {
    "data" : {
      "sites" : [ {
        "siteBackgroundColor" : "rgb(255,123,92)",
        "siteText" : "p",
        "siteInfo" : "NUP107-S10s, 0.7563977272727274",
        "siteBorderColor" : "0 0 0"
      } ],
      "id" : "NUP107",
      "text" : "NUP107"
    }
  }, {
    "css" : {
      "backgroundColor" : "rgb(255,201,189)"
    },
    "data" : {
      "tooltipText" : "ERCC1, 0.30908314176245205",
      "sites" : [ ],
      "id" : "ERCC1",
      "text" : "ERCC1"
    }
  }, {
    "data" : {
      "sites" : [ {
        "siteBackgroundColor" : "rgb(255,156,133)",
        "siteText" : "p",
        "siteInfo" : "SRSF9-Y214yS216s, 0.566004232804233",
        "siteBorderColor" : "0 0 0"
      }, {
        "siteBackgroundColor" : "rgb(255,181,164)",
        "siteText" : "p",
        "siteInfo" : "SRSF9-S216s, 0.4210461538461538",
        "siteBorderColor" : "0 0 0"
      } ],
      "id" : "SRSF9",
      "text" : "SRSF9"
    }
  }, {
    "data" : {
      "sites" : [ {
        "siteBackgroundColor" : "rgb(90,120,255)",
        "siteText" : "p",
        "siteInfo" : "PML-S518sS527s, -0.7689066402116402",
        "siteBorderColor" : "rgb(0,180,20)"
      }, {
        "siteBackgroundColor" : "rgb(40,80,255)",
        "siteText" : "p",
        "siteInfo" : "PML-S530s, -1.8420169047619048",
        "siteBorderColor" : "rgb(0,180,20)"
      } ],
      "id" : "PML",
      "text" : "PML"
    }
  }, {
    "css" : {
      "backgroundColor" : "rgb(151,170,255)"
    },
    "data" : {
      "tooltipText" : "PRKG1, -0.4856307464788732",
      "sites" : [ ],
      "id" : "PRKG1",
      "text" : "PRKG1"
    }
  }, {
    "data" : {
      "sites" : [ {
        "siteBackgroundColor" : "rgb(40,80,255)",
        "siteText" : "p",
        "siteInfo" : "MRVI1-S670s, -1.1589857142857143",
        "siteBorderColor" : "0 0 0"
      } ],
      "id" : "MRVI1",
      "text" : "MRVI1"
    }
  }, {
    "css" : {
      "backgroundColor" : "rgb(255,212,203)"
    },
    "data" : {
      "tooltipText" : "CDK9, 0.24339199166666664",
      "sites" : [ ],
      "id" : "CDK9",
      "text" : "CDK9"
    }
  }, {
    "data" : {
      "sites" : [ {
        "siteBackgroundColor" : "rgb(255,167,147)",
        "siteText" : "p",
        "siteInfo" : "NCOA2-S493s, 0.5010829268292682",
        "siteBorderColor" : "0 0 0"
      } ],
      "id" : "NCOA2",
      "text" : "NCOA2"
    }
  }, {
    "data" : {
      "sites" : [ {
        "siteBackgroundColor" : "rgb(255,127,97)",
        "siteText" : "p",
        "siteInfo" : "CCNL2-S338s, 0.7332402298850575",
        "siteBorderColor" : "0 0 0"
      } ],
      "id" : "CCNL2",
      "text" : "CCNL2"
    }
  }, {
    "css" : {
      "backgroundColor" : "rgb(185,198,255)"
    },
    "data" : {
      "tooltipText" : "DUSP3, -0.32773322222222223",
      "sites" : [ ],
      "id" : "DUSP3",
      "text" : "DUSP3"
    }
  }, {
    "data" : {
      "sites" : [ {
        "siteBackgroundColor" : "rgb(255,89,52)",
        "siteText" : "p",
        "siteInfo" : "RALY-S135s, 0.9462720952380952",
        "siteBorderColor" : "0 0 0"
      } ],
      "id" : "RALY",
      "text" : "RALY"
    }
  }, {
    "css" : {
      "backgroundColor" : "rgb(255,219,211)"
    },
    "data" : {
      "tooltipText" : "LIN9, 0.2040690171568627",
      "sites" : [ ],
      "id" : "LIN9",
      "text" : "LIN9"
    }
  }, {
    "css" : {
      "backgroundColor" : "rgb(255,203,191)"
    },
    "data" : {
      "tooltipText" : "CCNB1, 0.2997044864341085",
      "sites" : [ ],
      "id" : "CCNB1",
      "text" : "CCNB1"
    }
  }, {
    "css" : {
      "backgroundColor" : "rgb(255,214,205)"
    },
    "data" : {
      "tooltipText" : "CALM3, 0.23461201472222223",
      "sites" : [ ],
      "id" : "CALM3",
      "text" : "CALM3"
    }
  }, {
    "css" : {
      "backgroundColor" : "rgb(255,235,231)"
    },
    "data" : {
      "tooltipText" : "ITCH, 0.11278365999999995",
      "sites" : [ ],
      "id" : "ITCH",
      "text" : "ITCH"
    }
  }, {
    "css" : {
      "backgroundColor" : "rgb(255,195,181)"
    },
    "data" : {
      "tooltipText" : "REPIN1, 0.3419826029411765",
      "sites" : [ ],
      "id" : "REPIN1",
      "text" : "REPIN1"
    }
  }, {
    "data" : {
      "sites" : [ {
        "siteBackgroundColor" : "rgb(255,115,84)",
        "siteText" : "p",
        "siteInfo" : "ARID4A-S864s, 0.7973997023809523",
        "siteBorderColor" : "0 0 0"
      } ],
      "id" : "ARID4A",
      "text" : "ARID4A"
    }
  }, {
    "css" : {
      "backgroundColor" : "rgb(255,218,209)"
    },
    "data" : {
      "tooltipText" : "CSNK2A1, 0.21288492361111117",
      "sites" : [ ],
      "id" : "CSNK2A1",
      "text" : "CSNK2A1"
    }
  }, {
    "css" : {
      "backgroundColor" : "rgb(131,154,255)"
    },
    "data" : {
      "tooltipText" : "VCAM1, -0.5778618805555557",
      "sites" : [ ],
      "id" : "VCAM1",
      "text" : "VCAM1"
    }
  }, {
    "css" : {
      "backgroundColor" : "rgb(180,194,255)"
    },
    "data" : {
      "tooltipText" : "PRKCB, -0.3481996091549296",
      "sites" : [ ],
      "id" : "PRKCB",
      "text" : "PRKCB"
    }
  }, {
    "data" : {
      "sites" : [ {
        "siteBackgroundColor" : "rgb(78,111,255)",
        "siteText" : "p",
        "siteInfo" : "MARCKS-S170s, -0.8217235714285714",
        "siteBorderColor" : "0 0 0"
      } ],
      "id" : "MARCKS",
      "text" : "MARCKS"
    }
  }, {
    "css" : {
      "backgroundColor" : "rgb(255,234,230)"
    },
    "data" : {
      "tooltipText" : "MARK3, 0.11828818402777777",
      "sites" : [ ],
      "id" : "MARK3",
      "text" : "MARK3"
    }
  }, {
    "data" : {
      "sites" : [ {
        "siteBackgroundColor" : "rgb(255,109,76)",
        "siteText" : "p",
        "siteInfo" : "LRWD1-S243s, 0.8315180158730159",
        "siteBorderColor" : "0 0 0"
      } ],
      "id" : "LRWD1",
      "text" : "LRWD1"
    }
  }, {
    "css" : {
      "backgroundColor" : "rgb(255,97,60)"
    },
    "data" : {
      "tooltipText" : "CNKSR2, 0.9056305555555555",
      "sites" : [ ],
      "id" : "CNKSR2",
      "text" : "CNKSR2"
    }
  }, {
    "css" : {
      "backgroundColor" : "rgb(255,188,172)"
    },
    "data" : {
      "tooltipText" : "KLF5, 0.3849254609929078",
      "sites" : [ ],
      "id" : "KLF5",
      "text" : "KLF5"
    }
  }, {
    "data" : {
      "sites" : [ {
        "siteBackgroundColor" : "rgb(255,166,145)",
        "siteText" : "p",
        "siteInfo" : "SNRNP70-S226s, 0.509975238095238",
        "siteBorderColor" : "0 0 0"
      } ],
      "id" : "SNRNP70",
      "text" : "SNRNP70"
    }
  }, {
    "data" : {
      "sites" : [ {
        "siteBackgroundColor" : "rgb(255,80,40)",
        "siteText" : "p",
        "siteInfo" : "HSP90AA1-S263s, 1.1808728291316526",
        "siteBorderColor" : "0 0 0"
      } ],
      "id" : "HSP90AA1",
      "text" : "HSP90AA1"
    }
  }, {
    "data" : {
      "sites" : [ {
        "siteBackgroundColor" : "rgb(255,172,153)",
        "siteText" : "p",
        "siteInfo" : "DMAP1-T445t, 0.4721074074074074",
        "siteBorderColor" : "0 0 0"
      } ],
      "id" : "DMAP1",
      "text" : "DMAP1"
    }
  }, {
    "css" : {
      "backgroundColor" : "rgb(223,229,255)"
    },
    "data" : {
      "tooltipText" : "BAX, -0.14864198090277775",
      "sites" : [ ],
      "id" : "BAX",
      "text" : "BAX"
    }
  }, {
    "css" : {
      "backgroundColor" : "rgb(255,211,201)"
    },
    "data" : {
      "tooltipText" : "MDC1, 0.2524860633802817",
      "sites" : [ ],
      "id" : "MDC1",
      "text" : "MDC1"
    }
  }, {
    "data" : {
      "sites" : [ {
        "siteBackgroundColor" : "rgb(40,80,255)",
        "siteText" : "p",
        "siteInfo" : "RUNX2-S28s, -1.0710439670329668",
        "siteBorderColor" : "0 0 0"
      } ],
      "id" : "RUNX2",
      "text" : "RUNX2"
    }
  }, {
    "css" : {
      "backgroundColor" : "rgb(255,221,213)"
    },
    "data" : {
      "tooltipText" : "GSK3B, 0.19706979027777774",
      "sites" : [ ],
      "id" : "GSK3B",
      "text" : "GSK3B"
    }
  }, {
    "data" : {
      "sites" : [ {
        "siteBackgroundColor" : "rgb(255,141,115)",
        "siteText" : "p",
        "siteInfo" : "SFPQ-T687t, 0.6523181818181819",
        "siteBorderColor" : "0 0 0"
      } ],
      "id" : "SFPQ",
      "text" : "SFPQ"
    }
  }, {
    "css" : {
      "backgroundColor" : "rgb(255,195,182)"
    },
    "data" : {
      "tooltipText" : "NCL, 0.34134227013888885",
      "sites" : [ {
        "siteBackgroundColor" : "rgb(255,156,133)",
        "siteText" : "p",
        "siteInfo" : "NCL-T121t, 0.5677664160401003",
        "siteBorderColor" : "0 0 0"
      }, {
        "siteBackgroundColor" : "rgb(255,123,93)",
        "siteText" : "p",
        "siteInfo" : "NCL-S67s, 0.7547780952380954",
        "siteBorderColor" : "0 0 0"
      } ],
      "id" : "NCL",
      "text" : "NCL"
    }
  }, {
    "css" : {
      "backgroundColor" : "rgb(255,200,187)"
    },
    "data" : {
      "tooltipText" : "CREB1, 0.31585922499999997",
      "sites" : [ ],
      "id" : "CREB1",
      "text" : "CREB1"
    }
  }, {
    "css" : {
      "backgroundColor" : "rgb(255,225,219)"
    },
    "data" : {
      "tooltipText" : "XRCC6, 0.1696695972222222",
      "sites" : [ ],
      "id" : "XRCC6",
      "text" : "XRCC6"
    }
  }, {
    "data" : {
      "sites" : [ {
        "siteBackgroundColor" : "rgb(40,80,255)",
        "siteText" : "p",
        "siteInfo" : "CALD1-S789s, -1.9505666666666663",
        "siteBorderColor" : "0 0 0"
      } ],
      "id" : "CALD1",
      "text" : "CALD1"
    }
  }, {
    "data" : {
      "sites" : [ {
        "siteBackgroundColor" : "rgb(189,202,255)",
        "siteText" : "p",
        "siteInfo" : "ABI1-S183s, -0.3055233333333333",
        "siteBorderColor" : "0 0 0"
      } ],
      "id" : "ABI1",
      "text" : "ABI1"
    }
  }, {
    "data" : {
      "sites" : [ {
        "siteBackgroundColor" : "rgb(40,80,255)",
        "siteText" : "p",
        "siteInfo" : "NFATC1-S269s, -1.2476331904761906",
        "siteBorderColor" : "rgb(180,0,20)"
      } ],
      "id" : "NFATC1",
      "text" : "NFATC1"
    }
  }, {
    "css" : {
      "backgroundColor" : "rgb(167,184,255)"
    },
    "data" : {
      "tooltipText" : "CD3G, -0.4080117647058823",
      "sites" : [ ],
      "id" : "CD3G",
      "text" : "CD3G"
    }
  }, {
    "data" : {
      "sites" : [ {
        "siteBackgroundColor" : "rgb(255,164,144)",
        "siteText" : "p",
        "siteInfo" : "MAP4-S696s, 0.5182857610389611",
        "siteBorderColor" : "0 0 0"
      } ],
      "id" : "MAP4",
      "text" : "MAP4"
    }
  }, {
    "data" : {
      "sites" : [ {
        "siteBackgroundColor" : "rgb(255,134,106)",
        "siteText" : "p",
        "siteInfo" : "ARID1A-S363s, 0.6933282051282053",
        "siteBorderColor" : "0 0 0"
      } ],
      "id" : "ARID1A",
      "text" : "ARID1A"
    }
  }, {
    "data" : {
      "sites" : [ {
        "siteBackgroundColor" : "rgb(40,80,255)",
        "siteText" : "p",
        "siteInfo" : "ILK-T181t, -1.2522555555555557",
        "siteBorderColor" : "0 0 0"
      } ],
      "id" : "ILK",
      "text" : "ILK"
    }
  }, {
    "data" : {
      "sites" : [ {
        "siteBackgroundColor" : "rgb(255,80,40)",
        "siteText" : "p",
        "siteInfo" : "LIG3-S913s, 1.0095423280423277",
        "siteBorderColor" : "0 0 0"
      }, {
        "siteBackgroundColor" : "rgb(255,80,40)",
        "siteText" : "p",
        "siteInfo" : "LIG3-S210s, 1.2929982269503548",
        "siteBorderColor" : "0 0 0"
      } ],
      "id" : "LIG3",
      "text" : "LIG3"
    }
  }, {
    "css" : {
      "backgroundColor" : "rgb(125,149,255)"
    },
    "data" : {
      "tooltipText" : "S100B, -0.6042530075757576",
      "sites" : [ ],
      "id" : "S100B",
      "text" : "S100B"
    }
  }, {
    "data" : {
      "sites" : [ {
        "siteBackgroundColor" : "rgb(255,80,40)",
        "siteText" : "p",
        "siteInfo" : "BRCA1-S1191s, 1.0114",
        "siteBorderColor" : "0 0 0"
      } ],
      "id" : "BRCA1",
      "text" : "BRCA1"
    }
  }, {
    "data" : {
      "sites" : [ {
        "siteBackgroundColor" : "rgb(82,114,255)",
        "siteText" : "p",
        "siteInfo" : "NCF1-S348s, -0.8062054054054054",
        "siteBorderColor" : "0 0 0"
      } ],
      "id" : "NCF1",
      "text" : "NCF1"
    }
  }, {
    "css" : {
      "backgroundColor" : "rgb(113,140,255)"
    },
    "data" : {
      "tooltipText" : "SPI1, -0.6589250064020485",
      "sites" : [ ],
      "id" : "SPI1",
      "text" : "SPI1"
    }
  }, {
    "data" : {
      "sites" : [ {
        "siteBackgroundColor" : "rgb(255,161,139)",
        "siteText" : "p",
        "siteInfo" : "SUPT6H-T1523t, 0.5372471428571428",
        "siteBorderColor" : "0 0 0"
      } ],
      "id" : "SUPT6H",
      "text" : "SUPT6H"
    }
  }, {
    "data" : {
      "sites" : [ {
        "siteBackgroundColor" : "rgb(255,94,57)",
        "siteText" : "p",
        "siteInfo" : "STMN1-S38s, 0.9207130714285715",
        "siteBorderColor" : "rgb(180,0,20)"
      } ],
      "id" : "STMN1",
      "text" : "STMN1"
    }
  }, {
    "data" : {
      "sites" : [ {
        "siteBackgroundColor" : "rgb(105,133,255)",
        "siteText" : "p",
        "siteInfo" : "ARHGEF6-S684s, -0.6953600000000001",
        "siteBorderColor" : "0 0 0"
      } ],
      "id" : "ARHGEF6",
      "text" : "ARHGEF6"
    }
  }, {
    "data" : {
      "sites" : [ {
        "siteBackgroundColor" : "rgb(255,80,40)",
        "siteText" : "p",
        "siteInfo" : "SPHK2-S387s, 1.1134791176470586",
        "siteBorderColor" : "0 0 0"
      } ],
      "id" : "SPHK2",
      "text" : "SPHK2"
    }
  }, {
    "css" : {
      "backgroundColor" : "rgb(40,80,255)"
    },
    "data" : {
      "tooltipText" : "PLAU, -1.0074302914193198",
      "sites" : [ ],
      "id" : "PLAU",
      "text" : "PLAU"
    }
  }, {
    "css" : {
      "backgroundColor" : "rgb(255,188,172)"
    },
    "data" : {
      "tooltipText" : "YY1, 0.3840325527777778",
      "sites" : [ ],
      "id" : "YY1",
      "text" : "YY1"
    }
  }, {
    "data" : {
      "sites" : [ {
        "siteBackgroundColor" : "rgb(255,175,157)",
        "siteText" : "p",
        "siteInfo" : "PAK1-S144s, 0.4546028947368421",
        "siteBorderColor" : "rgb(0,180,20)"
      } ],
      "id" : "PAK1",
      "text" : "PAK1"
    }
  }, {
    "css" : {
      "backgroundColor" : "rgb(255,211,201)"
    },
    "data" : {
      "tooltipText" : "FANCI, 0.25102854316546763",
      "sites" : [ ],
      "id" : "FANCI",
      "text" : "FANCI"
    }
  }, {
    "css" : {
      "backgroundColor" : "rgb(187,200,255)"
    },
    "data" : {
      "tooltipText" : "NRP1, -0.3169904895104895",
      "sites" : [ ],
      "id" : "NRP1",
      "text" : "NRP1"
    }
  }, {
    "data" : {
      "sites" : [ {
        "siteBackgroundColor" : "rgb(40,80,255)",
        "siteText" : "p",
        "siteInfo" : "DPYSL3-S522s, -1.645637619047619",
        "siteBorderColor" : "0 0 0"
      } ],
      "id" : "DPYSL3",
      "text" : "DPYSL3"
    }
  }, {
    "css" : {
      "backgroundColor" : "rgb(255,196,182)"
    },
    "data" : {
      "tooltipText" : "TFCP2, 0.3385443895833334",
      "sites" : [ ],
      "id" : "TFCP2",
      "text" : "TFCP2"
    }
  }, {
    "data" : {
      "sites" : [ {
        "siteBackgroundColor" : "rgb(255,144,119)",
        "siteText" : "p",
        "siteInfo" : "SUPT5H-T799t, 0.6338648",
        "siteBorderColor" : "0 0 0"
      } ],
      "id" : "SUPT5H",
      "text" : "SUPT5H"
    }
  }, {
    "css" : {
      "backgroundColor" : "rgb(255,177,160)"
    },
    "data" : {
      "tooltipText" : "CAD, 0.44311849999999997",
      "sites" : [ ],
      "id" : "CAD",
      "text" : "CAD"
    }
  }, {
    "css" : {
      "backgroundColor" : "rgb(255,244,242)"
    },
    "data" : {
      "tooltipText" : "MTOR, 0.06219688194444445",
      "sites" : [ ],
      "id" : "MTOR",
      "text" : "MTOR"
    }
  }, {
    "data" : {
      "sites" : [ {
        "siteBackgroundColor" : "rgb(255,80,40)",
        "siteText" : "p",
        "siteInfo" : "ISCU-S14s, 1.8188230769230773",
        "siteBorderColor" : "rgb(0,180,20)"
      } ],
      "id" : "ISCU",
      "text" : "ISCU"
    }
  }, {
    "css" : {
      "backgroundColor" : "rgb(255,216,207)"
    },
    "data" : {
      "tooltipText" : "TEAD1, 0.22510703597122303",
      "sites" : [ ],
      "id" : "TEAD1",
      "text" : "TEAD1"
    }
  }, {
    "data" : {
      "sites" : [ {
        "siteBackgroundColor" : "rgb(255,80,40)",
        "siteText" : "p",
        "siteInfo" : "CDCA5-S21s, 1.3015764666666667",
        "siteBorderColor" : "0 0 0"
      } ],
      "id" : "CDCA5",
      "text" : "CDCA5"
    }
  }, {
    "css" : {
      "backgroundColor" : "rgb(92,123,255)"
    },
    "data" : {
      "tooltipText" : "ICAM1, -0.7567187430555558",
      "sites" : [ ],
      "id" : "ICAM1",
      "text" : "ICAM1"
    }
  }, {
    "css" : {
      "backgroundColor" : "rgb(255,178,160)"
    },
    "data" : {
      "tooltipText" : "RBBP4, 0.44004447583333334",
      "sites" : [ ],
      "id" : "RBBP4",
      "text" : "RBBP4"
    }
  }, {
    "css" : {
      "backgroundColor" : "rgb(255,192,177)"
    },
    "data" : {
      "tooltipText" : "TCF4, 0.36275104878048775",
      "sites" : [ ],
      "id" : "TCF4",
      "text" : "TCF4"
    }
  }, {
    "data" : {
      "sites" : [ {
        "siteBackgroundColor" : "rgb(255,147,122)",
        "siteText" : "p",
        "siteInfo" : "ZC3HC1-S395s, 0.6178133333333333",
        "siteBorderColor" : "0 0 0"
      } ],
      "id" : "ZC3HC1",
      "text" : "ZC3HC1"
    }
  }, {
    "css" : {
      "backgroundColor" : "rgb(149,168,255)"
    },
    "data" : {
      "tooltipText" : "PLAUR, -0.49472564027292915",
      "sites" : [ ],
      "id" : "PLAUR",
      "text" : "PLAUR"
    }
  }, {
    "css" : {
      "backgroundColor" : "rgb(255,190,175)"
    },
    "data" : {
      "tooltipText" : "PBX1, 0.3707541319444445",
      "sites" : [ ],
      "id" : "PBX1",
      "text" : "PBX1"
    }
  }, {
    "data" : {
      "sites" : [ {
        "siteBackgroundColor" : "rgb(255,177,159)",
        "siteText" : "p",
        "siteInfo" : "U2AF2-S79s, 0.4481938095238097",
        "siteBorderColor" : "0 0 0"
      } ],
      "id" : "U2AF2",
      "text" : "U2AF2"
    }
  }, {
    "data" : {
      "sites" : [ {
        "siteBackgroundColor" : "rgb(49,87,255)",
        "siteText" : "p",
        "siteInfo" : "FSCN1-S39s, -0.9591773399014779",
        "siteBorderColor" : "0 0 0"
      } ],
      "id" : "FSCN1",
      "text" : "FSCN1"
    }
  }, {
    "data" : {
      "sites" : [ {
        "siteBackgroundColor" : "rgb(255,174,156)",
        "siteText" : "p",
        "siteInfo" : "PRKDC-T2647t, 0.462088",
        "siteBorderColor" : "0 0 0"
      } ],
      "id" : "PRKDC",
      "text" : "PRKDC"
    }
  }, {
    "data" : {
      "sites" : [ {
        "siteBackgroundColor" : "rgb(255,80,40)",
        "siteText" : "p",
        "siteInfo" : "FRS2-T463t, 1.0458142857142858",
        "siteBorderColor" : "0 0 0"
      } ],
      "id" : "FRS2",
      "text" : "FRS2"
    }
  }, {
    "css" : {
      "backgroundColor" : "rgb(255,191,177)"
    },
    "data" : {
      "tooltipText" : "PAK4, 0.36508170833333337",
      "sites" : [ ],
      "id" : "PAK4",
      "text" : "PAK4"
    }
  }, {
    "data" : {
      "sites" : [ {
        "siteBackgroundColor" : "rgb(255,110,76)",
        "siteText" : "p",
        "siteInfo" : "RAN-S135s, 0.8309749976190476",
        "siteBorderColor" : "0 0 0"
      } ],
      "id" : "RAN",
      "text" : "RAN"
    }
  }, {
    "css" : {
      "backgroundColor" : "rgb(255,181,164)"
    },
    "data" : {
      "tooltipText" : "AURKB, 0.4244249433106575",
      "sites" : [ ],
      "id" : "AURKB",
      "text" : "AURKB"
    }
  }, {
    "data" : {
      "sites" : [ {
        "siteBackgroundColor" : "rgb(255,80,40)",
        "siteText" : "p",
        "siteInfo" : "NUMA1-S2047s, 1.4579855555555556",
        "siteBorderColor" : "0 0 0"
      } ],
      "id" : "NUMA1",
      "text" : "NUMA1"
    }
  }, {
    "css" : {
      "backgroundColor" : "rgb(255,226,220)"
    },
    "data" : {
      "tooltipText" : "SP3, 0.16417675",
      "sites" : [ ],
      "id" : "SP3",
      "text" : "SP3"
    }
  } ],
  "edges" : [ {
    "data" : {
      "tooltipText" : "SRRM2_866, SRRM2_1413",
      "edgeType" : "phosphorylates",
      "source" : "CDK1",
      "target" : "SRRM2"
    }
  }, {
    "data" : {
      "tooltipText" : "CDK12_893",
      "edgeType" : "phosphorylates",
      "source" : "CDK7",
      "target" : "CDK12"
    }
  }, {
    "data" : {
      "tooltipText" : "STIM1_608, STIM1_575, STIM1_621",
      "edgeType" : "phosphorylates",
      "source" : "MAPK1",
      "target" : "STIM1"
    }
  }, {
    "data" : {
      "tooltipText" : "PTPN2_304",
      "edgeType" : "phosphorylates",
      "source" : "CDK2",
      "target" : "PTPN2"
    }
  }, {
    "data" : {
      "tooltipText" : "PTPN2_304",
      "edgeType" : "phosphorylates",
      "source" : "CDK1",
      "target" : "PTPN2"
    }
  }, {
    "data" : {
      "tooltipText" : "",
      "edgeType" : "upregulates-expression",
      "source" : "POU2F1",
      "target" : "DYRK1A"
    }
  }, {
    "data" : {
      "tooltipText" : "ANXA2_12, ANXA2_26",
      "edgeType" : "phosphorylates",
      "source" : "PRKCA",
      "target" : "ANXA2"
    }
  }, {
    "data" : {
      "tooltipText" : "RANBP2_2153, RANBP2_2251, RANBP2_2280, RANBP2_2246, RANBP2_2276",
      "edgeType" : "phosphorylates",
      "source" : "CDK1",
      "target" : "RANBP2"
    }
  }, {
    "data" : {
      "tooltipText" : "",
      "edgeType" : "upregulates-expression",
      "source" : "NRF1",
      "target" : "AURKA"
    }
  }, {
    "data" : {
      "tooltipText" : "C6orf106_215",
      "edgeType" : "phosphorylates",
      "source" : "CDK2",
      "target" : "C6orf106"
    }
  }, {
    "data" : {
      "tooltipText" : "FCER1G_76, FCER1G_65",
      "edgeType" : "phosphorylates",
      "source" : "LYN",
      "target" : "FCER1G"
    }
  }, {
    "data" : {
      "tooltipText" : "",
      "edgeType" : "upregulates-expression",
      "source" : "KAT5",
      "target" : "PTMA"
    }
  }, {
    "data" : {
      "tooltipText" : "CTTN_405, CTTN_418",
      "edgeType" : "phosphorylates",
      "source" : "MAPK3",
      "target" : "CTTN"
    }
  }, {
    "data" : {
      "tooltipText" : "",
      "edgeType" : "upregulates-expression",
      "source" : "TFDP2",
      "target" : "CDK1"
    }
  }, {
    "data" : {
      "tooltipText" : "SLC9A1_648, SLC9A1_703, SLC9A1_796",
      "edgeType" : "phosphorylates",
      "source" : "AKT1",
      "target" : "SLC9A1"
    }
  }, {
    "data" : {
      "tooltipText" : "NUP107_10, NUP107_11",
      "edgeType" : "phosphorylates",
      "source" : "CDK2",
      "target" : "NUP107"
    }
  }, {
    "data" : {
      "tooltipText" : "KAT5_86, KAT5_90",
      "edgeType" : "phosphorylates",
      "source" : "CDK1",
      "target" : "KAT5"
    }
  }, {
    "data" : {
      "tooltipText" : "",
      "edgeType" : "upregulates-expression",
      "source" : "KAT5",
      "target" : "ERCC1"
    }
  }, {
    "data" : {
      "tooltipText" : "SRSF9_216",
      "edgeType" : "phosphorylates",
      "source" : "CDK2",
      "target" : "SRSF9"
    }
  }, {
    "data" : {
      "tooltipText" : "PML_530, PML_38, PML_28, PML_36, PML_527, PML_40",
      "edgeType" : "phosphorylates",
      "source" : "MAPK3",
      "target" : "PML"
    }
  }, {
    "data" : {
      "tooltipText" : "PML_530, PML_38, PML_28, PML_36, PML_527, PML_40",
      "edgeType" : "phosphorylates",
      "source" : "MAPK1",
      "target" : "PML"
    }
  }, {
    "data" : {
      "tooltipText" : "MRVI1_670, MRVI1_657",
      "edgeType" : "phosphorylates",
      "source" : "PRKG1",
      "target" : "MRVI1"
    }
  }, {
    "data" : {
      "tooltipText" : "NCOA2_487, NCOA2_493, NCOA2_499, NCOA2_469",
      "edgeType" : "phosphorylates",
      "source" : "CDK9",
      "target" : "NCOA2"
    }
  }, {
    "data" : {
      "tooltipText" : "CCNL2_369, CCNL2_338, CCNL2_330",
      "edgeType" : "phosphorylates",
      "source" : "DYRK1A",
      "target" : "CCNL2"
    }
  }, {
    "data" : {
      "tooltipText" : "MAPK3_204, MAPK3_202",
      "edgeType" : "dephosphorylates",
      "source" : "DUSP3",
      "target" : "MAPK3"
    }
  }, {
    "data" : {
      "tooltipText" : "RALY_135",
      "edgeType" : "phosphorylates",
      "source" : "CDK2",
      "target" : "RALY"
    }
  }, {
    "data" : {
      "tooltipText" : "",
      "edgeType" : "upregulates-expression",
      "source" : "LIN9",
      "target" : "CCNB1"
    }
  }, {
    "data" : {
      "tooltipText" : "",
      "edgeType" : "upregulates-expression",
      "source" : "CALM3",
      "target" : "ITCH"
    }
  }, {
    "data" : {
      "tooltipText" : "",
      "edgeType" : "upregulates-expression",
      "source" : "REPIN1",
      "target" : "CDK2"
    }
  }, {
    "data" : {
      "tooltipText" : "CTTN_405, CTTN_418",
      "edgeType" : "phosphorylates",
      "source" : "MAPK1",
      "target" : "CTTN"
    }
  }, {
    "data" : {
      "tooltipText" : "ARID4A_1124, ARID4A_1007, ARID4A_1140, ARID4A_864, ARID4A_1145",
      "edgeType" : "phosphorylates",
      "source" : "CDK2",
      "target" : "ARID4A"
    }
  }, {
    "data" : {
      "tooltipText" : "",
      "edgeType" : "upregulates-expression",
      "source" : "POU2F1",
      "target" : "CDK2"
    }
  }, {
    "data" : {
      "tooltipText" : "NCOA2_487, NCOA2_493, NCOA2_499, NCOA2_469",
      "edgeType" : "phosphorylates",
      "source" : "CSNK2A1",
      "target" : "NCOA2"
    }
  }, {
    "data" : {
      "tooltipText" : "",
      "edgeType" : "upregulates-expression",
      "source" : "PRKCA",
      "target" : "VCAM1"
    }
  }, {
    "data" : {
      "tooltipText" : "",
      "edgeType" : "upregulates-expression",
      "source" : "PRKCB",
      "target" : "VCAM1"
    }
  }, {
    "data" : {
      "tooltipText" : "MARCKS_159, MARCKS_167, MARCKS_170, MARCKS_163",
      "edgeType" : "phosphorylates",
      "source" : "PRKCA",
      "target" : "MARCKS"
    }
  }, {
    "data" : {
      "tooltipText" : "MAPK3_204, MAPK3_202",
      "edgeType" : "phosphorylates",
      "source" : "MARK3",
      "target" : "MAPK3"
    }
  }, {
    "data" : {
      "tooltipText" : "LRWD1_245, LRWD1_243",
      "edgeType" : "phosphorylates",
      "source" : "CDK2",
      "target" : "LRWD1"
    }
  }, {
    "data" : {
      "tooltipText" : "",
      "edgeType" : "upregulates-expression",
      "source" : "NRF1",
      "target" : "CNKSR2"
    }
  }, {
    "data" : {
      "tooltipText" : "",
      "edgeType" : "upregulates-expression",
      "source" : "KLF5",
      "target" : "CCNB1"
    }
  }, {
    "data" : {
      "tooltipText" : "SNRNP70_226",
      "edgeType" : "phosphorylates",
      "source" : "CDK2",
      "target" : "SNRNP70"
    }
  }, {
    "data" : {
      "tooltipText" : "HSP90AA1_36, HSP90AA1_263",
      "edgeType" : "phosphorylates",
      "source" : "CSNK2A1",
      "target" : "HSP90AA1"
    }
  }, {
    "data" : {
      "tooltipText" : "DMAP1_445, DMAP1_448",
      "edgeType" : "phosphorylates",
      "source" : "CDK2",
      "target" : "DMAP1"
    }
  }, {
    "data" : {
      "tooltipText" : "",
      "edgeType" : "upregulates-expression",
      "source" : "PML",
      "target" : "BAX"
    }
  }, {
    "data" : {
      "tooltipText" : "",
      "edgeType" : "upregulates-expression",
      "source" : "CDK9",
      "target" : "MDC1"
    }
  }, {
    "data" : {
      "tooltipText" : "RUNX2_200, RUNX2_196, RUNX2_198, RUNX2_28",
      "edgeType" : "phosphorylates",
      "source" : "AKT1",
      "target" : "RUNX2"
    }
  }, {
    "data" : {
      "tooltipText" : "SFPQ_687",
      "edgeType" : "phosphorylates",
      "source" : "GSK3B",
      "target" : "SFPQ"
    }
  }, {
    "data" : {
      "tooltipText" : "",
      "edgeType" : "upregulates-expression",
      "source" : "CDK7",
      "target" : "MDC1"
    }
  }, {
    "data" : {
      "tooltipText" : "NCL_707, NCL_121, NCL_641",
      "edgeType" : "phosphorylates",
      "source" : "CDK1",
      "target" : "NCL"
    }
  }, {
    "data" : {
      "tooltipText" : "",
      "edgeType" : "upregulates-expression",
      "source" : "CREB1",
      "target" : "XRCC6"
    }
  }, {
    "data" : {
      "tooltipText" : "NCL_67, NCL_76, NCL_121",
      "edgeType" : "phosphorylates",
      "source" : "CDK2",
      "target" : "NCL"
    }
  }, {
    "data" : {
      "tooltipText" : "CALD1_759, CALD1_789, CALD1_534",
      "edgeType" : "phosphorylates",
      "source" : "MAPK3",
      "target" : "CALD1"
    }
  }, {
    "data" : {
      "tooltipText" : "ABI1_183, ABI1_392, ABI1_216, ABI1_225, ABI1_410, ABI1_267, ABI1_265, ABI1_394",
      "edgeType" : "phosphorylates",
      "source" : "MAPK3",
      "target" : "ABI1"
    }
  }, {
    "data" : {
      "tooltipText" : "",
      "edgeType" : "downregulates-expression",
      "source" : "NFATC1",
      "target" : "CD3G"
    }
  }, {
    "data" : {
      "tooltipText" : "MAP4_696, MAP4_787, MAP4_917, MAP4_892, MAP4_901",
      "edgeType" : "phosphorylates",
      "source" : "CDK1",
      "target" : "MAP4"
    }
  }, {
    "data" : {
      "tooltipText" : "ABI1_392, ABI1_183, ABI1_216, ABI1_225, ABI1_267, ABI1_410, ABI1_265, ABI1_394",
      "edgeType" : "phosphorylates",
      "source" : "MAPK1",
      "target" : "ABI1"
    }
  }, {
    "data" : {
      "tooltipText" : "ARID1A_363, ARID1A_1320, ARID1A_1322",
      "edgeType" : "phosphorylates",
      "source" : "CDK2",
      "target" : "ARID1A"
    }
  }, {
    "data" : {
      "tooltipText" : "ILK_173, ILK_181",
      "edgeType" : "phosphorylates",
      "source" : "PRKCA",
      "target" : "ILK"
    }
  }, {
    "data" : {
      "tooltipText" : "",
      "edgeType" : "upregulates-expression",
      "source" : "KAT5",
      "target" : "NCL"
    }
  }, {
    "data" : {
      "tooltipText" : "LIG3_191, LIG3_913, LIG3_210",
      "edgeType" : "phosphorylates",
      "source" : "CDK1",
      "target" : "LIG3"
    }
  }, {
    "data" : {
      "tooltipText" : "",
      "edgeType" : "upregulates-expression",
      "source" : "S100B",
      "target" : "MAPK3"
    }
  }, {
    "data" : {
      "tooltipText" : "",
      "edgeType" : "upregulates-expression",
      "source" : "S100B",
      "target" : "MAPK1"
    }
  }, {
    "data" : {
      "tooltipText" : "BRCA1_1497, BRCA1_1189, BRCA1_1191",
      "edgeType" : "phosphorylates",
      "source" : "CDK1",
      "target" : "BRCA1"
    }
  }, {
    "data" : {
      "tooltipText" : "KAT5_86, KAT5_90",
      "edgeType" : "phosphorylates",
      "source" : "GSK3B",
      "target" : "KAT5"
    }
  }, {
    "data" : {
      "tooltipText" : "LIG3_191, LIG3_913, LIG3_210",
      "edgeType" : "phosphorylates",
      "source" : "CDK2",
      "target" : "LIG3"
    }
  }, {
    "data" : {
      "tooltipText" : "NFATC1_290, NFATC1_181, NFATC1_294, NFATC1_282, NFATC1_241, NFATC1_175, NFATC1_286, NFATC1_187, NFATC1_176, NFATC1_278, NFATC1_245, NFATC1_179, NFATC1_299, NFATC1_233, NFATC1_178, NFATC1_269, NFATC1_214, NFATC1_215, NFATC1_237",
      "edgeType" : "dephosphorylates",
      "source" : "CALM3",
      "target" : "NFATC1"
    }
  }, {
    "data" : {
      "tooltipText" : "NCF1_348, NCF1_345",
      "edgeType" : "phosphorylates",
      "source" : "MAPK3",
      "target" : "NCF1"
    }
  }, {
    "data" : {
      "tooltipText" : "",
      "edgeType" : "upregulates-expression",
      "source" : "SPI1",
      "target" : "LYN"
    }
  }, {
    "data" : {
      "tooltipText" : "SUPT6H_1523",
      "edgeType" : "phosphorylates",
      "source" : "CDK2",
      "target" : "SUPT6H"
    }
  }, {
    "data" : {
      "tooltipText" : "STMN1_38, STMN1_25",
      "edgeType" : "phosphorylates",
      "source" : "CDK2",
      "target" : "STMN1"
    }
  }, {
    "data" : {
      "tooltipText" : "ARHGEF6_684",
      "edgeType" : "phosphorylates",
      "source" : "PRKG1",
      "target" : "ARHGEF6"
    }
  }, {
    "data" : {
      "tooltipText" : "SPHK2_387, SPHK2_614",
      "edgeType" : "phosphorylates",
      "source" : "MAPK3",
      "target" : "SPHK2"
    }
  }, {
    "data" : {
      "tooltipText" : "",
      "edgeType" : "upregulates-expression",
      "source" : "MAPK1",
      "target" : "PLAU"
    }
  }, {
    "data" : {
      "tooltipText" : "STMN1_38, STMN1_25",
      "edgeType" : "phosphorylates",
      "source" : "CDK1",
      "target" : "STMN1"
    }
  }, {
    "data" : {
      "tooltipText" : "",
      "edgeType" : "upregulates-expression",
      "source" : "YY1",
      "target" : "MARK3"
    }
  }, {
    "data" : {
      "tooltipText" : "",
      "edgeType" : "upregulates-expression",
      "source" : "MAPK3",
      "target" : "PLAU"
    }
  }, {
    "data" : {
      "tooltipText" : "STMN1_16, STMN1_38",
      "edgeType" : "phosphorylates",
      "source" : "PAK1",
      "target" : "STMN1"
    }
  }, {
    "data" : {
      "tooltipText" : "",
      "edgeType" : "upregulates-expression",
      "source" : "CDK7",
      "target" : "FANCI"
    }
  }, {
    "data" : {
      "tooltipText" : "STMN1_38, STMN1_25",
      "edgeType" : "phosphorylates",
      "source" : "MAPK3",
      "target" : "STMN1"
    }
  }, {
    "data" : {
      "tooltipText" : "",
      "edgeType" : "upregulates-expression",
      "source" : "CDK9",
      "target" : "FANCI"
    }
  }, {
    "data" : {
      "tooltipText" : "",
      "edgeType" : "upregulates-expression",
      "source" : "REPIN1",
      "target" : "GSK3B"
    }
  }, {
    "data" : {
      "tooltipText" : "DPYSL3_522",
      "edgeType" : "phosphorylates",
      "source" : "NRP1",
      "target" : "DPYSL3"
    }
  }, {
    "data" : {
      "tooltipText" : "",
      "edgeType" : "upregulates-expression",
      "source" : "TFCP2",
      "target" : "GSK3B"
    }
  }, {
    "data" : {
      "tooltipText" : "SUPT5H_814, SUPT5H_799, SUPT5H_666, SUPT5H_768, SUPT5H_784, SUPT5H_775, SUPT5H_791, SUPT5H_806",
      "edgeType" : "phosphorylates",
      "source" : "CDK9",
      "target" : "SUPT5H"
    }
  }, {
    "data" : {
      "tooltipText" : "ANXA2_26",
      "edgeType" : "phosphorylates",
      "source" : "PRKCB",
      "target" : "ANXA2"
    }
  }, {
    "data" : {
      "tooltipText" : "",
      "edgeType" : "upregulates-expression",
      "source" : "KAT5",
      "target" : "CAD"
    }
  }, {
    "data" : {
      "tooltipText" : "ISCU_14",
      "edgeType" : "phosphorylates",
      "source" : "MTOR",
      "target" : "ISCU"
    }
  }, {
    "data" : {
      "tooltipText" : "SRRM2_1326, SRRM2_1318, SRRM2_1329",
      "edgeType" : "phosphorylates",
      "source" : "MTOR",
      "target" : "SRRM2"
    }
  }, {
    "data" : {
      "tooltipText" : "",
      "edgeType" : "upregulates-expression",
      "source" : "SPI1",
      "target" : "MAPK3"
    }
  }, {
    "data" : {
      "tooltipText" : "",
      "edgeType" : "upregulates-expression",
      "source" : "TEAD1",
      "target" : "CDK2"
    }
  }, {
    "data" : {
      "tooltipText" : "CDCA5_21, CDCA5_159, CDCA5_75",
      "edgeType" : "phosphorylates",
      "source" : "CCNB1",
      "target" : "CDCA5"
    }
  }, {
    "data" : {
      "tooltipText" : "",
      "edgeType" : "upregulates-expression",
      "source" : "PRKCB",
      "target" : "ICAM1"
    }
  }, {
    "data" : {
      "tooltipText" : "",
      "edgeType" : "upregulates-expression",
      "source" : "RBBP4",
      "target" : "CCNB1"
    }
  }, {
    "data" : {
      "tooltipText" : "",
      "edgeType" : "upregulates-expression",
      "source" : "PRKCA",
      "target" : "ICAM1"
    }
  }, {
    "data" : {
      "tooltipText" : "",
      "edgeType" : "upregulates-expression",
      "source" : "TCF4",
      "target" : "CDK1"
    }
  }, {
    "data" : {
      "tooltipText" : "ZC3HC1_395",
      "edgeType" : "phosphorylates",
      "source" : "CDK1",
      "target" : "ZC3HC1"
    }
  }, {
    "data" : {
      "tooltipText" : "",
      "edgeType" : "upregulates-expression",
      "source" : "MAPK1",
      "target" : "PLAUR"
    }
  }, {
    "data" : {
      "tooltipText" : "CDCA5_209, CDCA5_126, CDCA5_115, CDCA5_159, CDCA5_21, CDCA5_33, CDCA5_139, CDCA5_79, CDCA5_111, CDCA5_48, CDCA5_151, CDCA5_164, CDCA5_83, CDCA5_181, CDCA5_75",
      "edgeType" : "phosphorylates",
      "source" : "CDK1",
      "target" : "CDCA5"
    }
  }, {
    "data" : {
      "tooltipText" : "ZC3HC1_394, ZC3HC1_395",
      "edgeType" : "phosphorylates",
      "source" : "CDK2",
      "target" : "ZC3HC1"
    }
  }, {
    "data" : {
      "tooltipText" : "",
      "edgeType" : "upregulates-expression",
      "source" : "MAPK3",
      "target" : "PLAUR"
    }
  }, {
    "data" : {
      "tooltipText" : "",
      "edgeType" : "upregulates-expression",
      "source" : "PBX1",
      "target" : "GSK3B"
    }
  }, {
    "data" : {
      "tooltipText" : "U2AF2_79",
      "edgeType" : "phosphorylates",
      "source" : "CDK1",
      "target" : "U2AF2"
    }
  }, {
    "data" : {
      "tooltipText" : "FSCN1_39",
      "edgeType" : "phosphorylates",
      "source" : "PRKCA",
      "target" : "FSCN1"
    }
  }, {
    "data" : {
      "tooltipText" : "PRKDC_2609, PRKDC_2638, PRKDC_2612, PRKDC_2647",
      "edgeType" : "phosphorylates",
      "source" : "XRCC6",
      "target" : "PRKDC"
    }
  }, {
    "data" : {
      "tooltipText" : "MAPK3_204, MAPK3_202",
      "edgeType" : "phosphorylates",
      "source" : "CNKSR2",
      "target" : "MAPK3"
    }
  }, {
    "data" : {
      "tooltipText" : "FRS2_455, FRS2_138, FRS2_458, FRS2_132, FRS2_463, FRS2_452, FRS2_376, FRS2_135",
      "edgeType" : "phosphorylates",
      "source" : "MAPK3",
      "target" : "FRS2"
    }
  }, {
    "data" : {
      "tooltipText" : "RAN_135",
      "edgeType" : "phosphorylates",
      "source" : "PAK4",
      "target" : "RAN"
    }
  }, {
    "data" : {
      "tooltipText" : "RUNX2_24, RUNX2_314, RUNX2_503, RUNX2_43, RUNX2_312, RUNX2_340, RUNX2_275, RUNX2_28, RUNX2_294",
      "edgeType" : "phosphorylates",
      "source" : "MAPK3",
      "target" : "RUNX2"
    }
  }, {
    "data" : {
      "tooltipText" : "NUMA1_2047, NUMA1_1811, NUMA1_1969, NUMA1_2055",
      "edgeType" : "phosphorylates",
      "source" : "AURKB",
      "target" : "NUMA1"
    }
  }, {
    "data" : {
      "tooltipText" : "NUMA1_1991, NUMA1_2047, NUMA1_1887, NUMA1_1811, NUMA1_1812, NUMA1_2084, NUMA1_1804, NUMA1_2087",
      "edgeType" : "phosphorylates",
      "source" : "AURKA",
      "target" : "NUMA1"
    }
  }, {
    "data" : {
      "tooltipText" : "",
      "edgeType" : "upregulates-expression",
      "source" : "SP3",
      "target" : "GSK3B"
    }
  }, {
    "data" : {
      "tooltipText" : "",
      "edgeType" : "upregulates-expression",
      "source" : "SPI1",
      "target" : "NRP1"
    }
  } ]
}